1,a,1584
2,the,1390
3,is,969
4,are,821
5,some,455
6,on,389
7,being,280
8,in,276
9,people,250
10,of,234
11,they're,208
12,man,206
13,woman,193
14,he's,176
15,been,175
16,she's,117
17,at,115
18,up,114
19,have,111
20,to,109
21,has,104
22,an,95
23,they,93
24,one,87
25,he,75
26,into,75
27,from,73
28,table,70
29,men,68
30,their,59
31,with,59
32,by,58
33,water,57
34,holding,57
35,walking,57
36,looking,55
37,for,50
38,putting,50
39,taking,50
40,women,49
41,his,49
42,standing,49
43,she,49
44,there,46
45,wall,45
46,placed,41
47,her,41
48,chairs,39
49,food,38
50,hanging,38
51,out,36
52,man's,35
53,building,35
54,sitting,35
55,each,34
56,floor,34
57,along,34
58,street,34
59,wearing,34
60,off,33
61,down,33
62,other,31
63,boat,30
64,under,30
65,through,30
66,set,28
67,parked,28
68,over,28
69,car,28
70,door,28
71,seated,28
72,waiting,27
73,near,27
74,side,26
75,entering,26
76,opening,26
77,picture,25
78,there's,25
79,bridge,25
80,next,25
81,books,25
82,window,25
83,working,24
84,railing,24
85,train,24
86,boxes,24
87,road,23
88,against,23
89,moving,23
90,cars,23
91,desk,23
92,two,22
93,arranged,22
94,woman's,22
95,stacked,22
96,eating,21
97,leaning,21
98,display,21
99,left,21
100,paper,21
101,ground,21
102,reading,20
103,vehicle,20
104,riding,20
105,cart,20
106,shelves,20
107,counter,20
108,computer,19
109,flowers,19
110,board,19
111,writing,19
112,painting,19
113,worker,19
114,room,18
115,plants,18
116,truck,18
117,shopping,18
118,turning,18
119,grass,18
120,carrying,18
121,glasses,18
122,onto,18
123,boats,17
124,trees,17
125,playing,17
126,outdoors,17
127,away,17
128,around,17
129,store,17
130,equipment,16
131,customers,16
132,folding,16
133,above,16
134,open,16
135,lying,16
136,getting,16
137,vehicles,16
138,front,16
139,cleaning,16
140,facing,16
141,hands,15
142,shelf,15
143,book,15
144,ladder,15
145,tables,15
146,swimming,15
147,path,15
148,area,15
149,workers,15
150,reaching,15
151,restaurant,14
152,picking,14
153,setting,14
154,merchandise,14
155,meal,14
156,bench,14
157,passing,14
158,traffic,14
159,together,14
160,using,14
161,parking,14
162,dishes,14
163,full,14
164,bag,14
165,watching,14
166,across,14
167,all,14
168,papers,13
169,arranging,13
170,washing,13
171,park,13
172,gathered,13
173,bicycles,13
174,garden,13
175,climbing,13
176,tree,13
177,document,13
178,items,13
179,crossing,13
180,machine,13
181,screen,13
182,adjusting,12
183,chair,12
184,cup,12
185,hat,12
186,office,12
187,pulling,12
188,pointing,12
189,passengers,12
190,bus,12
191,seats,12
192,windows,12
193,plates,12
194,documents,12
195,fishing,12
196,cleaned,12
197,cooking,12
198,covered,12
199,box,12
200,both,12
201,shop,12
202,examining,12
203,strolling,12
204,buildings,11
205,empty,11
206,audience,11
207,hand,11
208,plane,11
209,beach,11
210,pushing,11
211,stage,11
212,row,11
213,pouring,11
214,containers,11
215,shoes,11
216,clothes,11
217,bags,11
218,luggage,11
219,bed,11
220,platform,11
221,placing,11
222,lamp,11
223,furniture,11
224,construction,11
225,lawn,11
226,group,10
227,plant,10
228,talking,10
229,children,10
230,piled,10
231,watering,10
232,cabinet,10
233,top,10
234,many,10
235,planted,10
236,outside,10
237,steps,10
238,shore,10
239,going,10
240,boarding,10
241,light,10
242,resting,10
243,paying,10
244,filled,10
245,cutting,10
246,presentation,10
247,handing,10
248,put,9
249,river,9
250,driving,9
251,vegetables,9
252,phone,9
253,lights,9
254,drinking,9
255,pots,9
256,forest,9
257,customer,9
258,sweeping,9
259,bottle,9
260,roof,9
261,filling,9
262,suitcase,9
263,installed,9
264,goods,9
265,inspecting,9
266,arms,9
267,typing,8
268,wood,8
269,pile,8
270,plate,8
271,lifting,8
272,piece,8
273,fountain,8
274,something,8
275,potted,8
276,sign,8
277,closing,8
278,removed,8
279,rocks,8
280,hung,8
281,work,8
282,line,8
283,pedestrians,8
284,station,8
285,pool,8
286,repaired,8
287,bicycle,8
288,walkway,8
289,lined,8
290,serving,8
291,clothing,8
292,meeting,8
293,stairs,8
294,diners,8
295,poured,8
296,beside,8
297,microphone,8
298,fence,8
299,notes,8
300,having,8
301,adjusted,8
302,airplane,8
303,hair,8
304,made,7
305,toward,7
306,folded,7
307,doors,7
308,artwork,7
309,doing,7
310,stocked,7
311,large,7
312,removing,7
313,long,7
314,dock,7
315,closed,7
316,intersection,7
317,stopped,7
318,opened,7
319,leaves,7
320,briefcase,7
321,fish,7
322,umbrellas,7
323,seat,7
324,behind,7
325,mirror,7
326,sofa,7
327,garage,7
328,fruit,7
329,supplies,7
330,trying,7
331,cups,7
332,leaving,7
333,cashier,7
334,attached,7
335,outdoor,7
336,rack,7
337,waiter,7
338,same,7
339,shaking,7
340,tent,7
341,tires,7
342,displayed,7
343,buying,7
344,bricks,7
345,balcony,7
346,another,7
347,musicians,7
348,instruments,7
349,operating,6
350,fallen,6
351,direction,6
352,planting,6
353,greeting,6
354,turned,6
355,laptop,6
356,crowded,6
357,market,6
358,rows,6
359,unloaded,6
360,reviewing,6
361,jacket,6
362,warehouse,6
363,purchasing,6
364,coat,6
365,sink,6
366,lines,6
367,pushed,6
368,closet,6
369,overlooks,6
370,drawer,6
371,anh,6
372,nháº,6
373,and,6
374,beds,6
375,tire,6
376,item,6
377,deck,6
378,ceiling,6
379,horse,6
380,preparing,6
381,statue,6
382,growing,6
383,monitor,6
384,laboratory,6
385,house,6
386,ocean,6
387,vase,6
388,fixing,6
389,feeding,6
390,drawing,6
391,ng,6
392,register,6
393,keyboard,6
394,bushes,6
395,cash,6
396,field,6
397,ship,6
398,tiáº,6
399,shelving,6
400,lot,6
401,p,6
402,surrounded,5
403,stacking,5
404,stepping,5
405,lake,5
406,round,5
407,hats,5
408,various,5
409,spread,5
410,occupied,5
411,order,5
412,moved,5
413,rug,5
414,lining,5
415,waving,5
416,archway,5
417,most,5
418,packing,5
419,materials,5
420,glass,5
421,case,5
422,motorcycle,5
423,music,5
424,assembling,5
425,between,5
426,newspaper,5
427,bottles,5
428,airplanes,5
429,instrument,5
430,letter,5
431,bread,5
432,sail,5
433,installing,5
434,umbrella,5
435,unoccupied,5
436,flowing,5
437,cupboard,5
438,bookcase,5
439,tool,5
440,served,5
441,pen,5
442,brick,5
443,ordering,5
444,tickets,5
445,several,5
446,unpacking,5
447,basket,5
448,baskets,5
449,gloves,5
450,kitchen,5
451,pictures,5
452,notebook,5
453,couple,5
454,site,5
455,piano,5
456,doorway,5
457,filing,5
458,pulled,5
459,container,5
460,purchase,5
461,painted,5
462,corner,5
463,small,5
464,bikes,5
465,exiting,5
466,suitcases,5
467,packed,5
468,plastic,5
469,sand,5
470,sale,5
471,delivering,4
472,located,4
473,crosswalk,4
474,exchanging,4
475,pair,4
476,gear,4
477,cleared,4
478,towed,4
479,cheese,4
480,different,4
481,net,4
482,mountain,4
483,pole,4
484,directing,4
485,printer,4
486,coffee,4
487,paint,4
488,indoors,4
489,no,4
490,tray,4
491,tags,4
492,stirring,4
493,air,4
494,circle,4
495,sandwiches,4
496,loading,4
497,admiring,4
498,wires,4
499,sides,4
500,camera,4
501,throwing,4
502,roadway,4
503,assembled,4
504,package,4
505,collected,4
506,file,4
507,folders,4
508,prepared,4
509,wiping,4
510,waves,4
511,files,4
512,van,4
513,snow,4
514,sheets,4
515,built,4
516,business,4
517,shoe,4
518,beverage,4
519,cut,4
520,television,4
521,oven,4
522,running,4
523,gate,4
524,tying,4
525,carried,4
526,edge,4
527,digging,4
528,computers,4
529,hole,4
530,dressed,4
531,speaker,4
532,patient,4
533,posted,4
534,dogs,4
535,trunk,4
536,organizing,4
537,checking,4
538,hallway,4
539,gallery,4
540,hill,4
541,signs,4
542,null,4
543,sea,4
544,curb,4
545,positioned,4
546,emptied,4
547,rain,4
548,jackets,4
549,bulletin,4
550,tourists,4
551,erected,4
552,runs,4
553,lab,4
554,map,4
555,taken,4
556,constructed,4
557,shaded,4
558,back,4
559,entrance,4
560,engine,4
561,driver,4
562,overlook,4
563,bookshelves,4
564,tie,4
565,lampposts,3
566,crowd,3
567,suspension,3
568,waiters,3
569,flower,3
570,cement,3
571,staircase,3
572,pot,3
573,trash,3
574,pavement,3
575,baggage,3
576,emptying,3
577,newspapers,3
578,groceries,3
579,volume,3
580,organized,3
581,unloading,3
582,fastened,3
583,busy,3
584,curtains,3
585,backpack,3
586,laying,3
587,used,3
588,staring,3
589,crates,3
590,benches,3
591,track,3
592,can,3
593,stands,3
594,candles,3
595,bins,3
596,scattered,3
597,stream,3
598,trucks,3
599,buttoning,3
600,past,3
601,monitors,3
602,drawers,3
603,tools,3
604,classroom,3
605,folder,3
606,dog,3
607,casting,3
608,distributing,3
609,floating,3
610,factory,3
611,crashing,3
612,propped,3
613,pan,3
614,trail,3
615,bike,3
616,shrubs,3
617,poster,3
618,hikers,3
619,teeth,3
620,menus,3
621,microphones,3
622,object,3
623,transported,3
624,listening,3
625,clock,3
626,sidewalk,3
627,strap,3
628,officer,3
629,driveway,3
630,cord,3
631,approaching,3
632,gazing,3
633,students,3
634,attending,3
635,race,3
636,bending,3
637,movie,3
638,fireplace,3
639,swimmers,3
640,band,3
641,jogging,3
642,podium,3
643,tents,3
644,singing,3
645,laid,3
646,lamppost,3
647,boots,3
648,kneeling,3
649,paved,3
650,lap,3
651,illuminated,3
652,pages,3
653,dry,3
654,smiling,3
655,watch,3
656,liquid,3
657,performing,3
658,reflection,3
659,tablecloths,3
660,cartons,3
661,flying,3
662,unplugging,3
663,ride,3
664,place,3
665,chart,3
666,choosing,3
667,vendor,3
668,grill,3
669,backpacks,3
670,rolling,3
671,pond,3
672,trimming,3
673,wine,3
674,heavy,3
675,machinery,3
676,art,3
677,pieces,3
678,airport,3
679,relaxing,3
680,someone,3
681,gathering,3
682,walls,3
683,products,3
684,addressing,3
685,cabinets,3
686,flags,3
687,blinds,3
688,carton,3
689,concentrating,3
690,helping,3
691,inside,3
692,ridden,3
693,lobby,3
694,mowed,3
695,stack,3
696,runway,3
697,shadows,3
698,photograph,3
699,stacks,3
700,brushing,3
701,apartment,3
702,rearranged,3
703,wheeled,3
704,racing,3
705,pillows,3
706,tied,3
707,hiking,3
708,drawn,3
709,spreading,3
710,helmet,3
711,cloth,3
712,polishing,3
713,wrapping,3
714,sold,3
715,pedestal,3
716,sculpture,3
717,carpet,3
718,reflected,3
719,tracks,3
720,dining,3
721,vendors,3
722,polished,3
723,pay,2
724,sipping,2
725,tunnel,2
726,money,2
727,silverware,2
728,appliance,2
729,sizes,2
730,menu,2
731,lighting,2
732,contents,2
733,telephone,2
734,showing,2
735,scarf,2
736,inserting,2
737,frame,2
738,utensils,2
739,harvested,2
740,watches,2
741,shoppers,2
742,wheel,2
743,break,2
744,electronics,2
745,locking,2
746,wooden,2
747,played,2
748,stools,2
749,displaying,2
750,selling,2
751,crops,2
752,baked,2
753,vehicle's,2
754,showcase,2
755,landscape,2
756,broom,2
757,directions,2
758,renovated,2
759,post,2
760,performance,2
761,notices,2
762,performers,2
763,carriage,2
764,ramp,2
765,gardener,2
766,clapping,2
767,blocked,2
768,tram,2
769,loaded,2
770,middle,2
771,binder,2
772,couch,2
773,sporting,2
774,event,2
775,hood,2
776,spectators,2
777,theater,2
778,tiled,2
779,space,2
780,repair,2
781,rushing,2
782,exterior,2
783,planes,2
784,scaffolding,2
785,beverages,2
786,studying,2
787,label,2
788,sailing,2
789,ledge,2
790,pizza,2
791,crossed,2
792,paddling,2
793,docked,2
794,measuring,2
795,leash,2
796,leads,2
797,card,2
798,speaking,2
799,houses,2
800,mounted,2
801,deserted,2
802,distance,2
803,applauding,2
804,while,2
805,enjoying,2
806,dismantled,2
807,brought,2
808,storage,2
809,canopy,2
810,price,2
811,helped,2
812,safety,2
813,stove,2
814,coats,2
815,stroller,2
816,aircraft,2
817,airstrip,2
818,disembarking,2
819,service,2
820,touching,2
821,guiding,2
822,pipes,2
823,woods,2
824,variety,2
825,drink,2
826,magazine,2
827,boards,2
828,unit,2
829,repairing,2
830,meals,2
831,cards,2
832,clouds,2
833,driven,2
834,shadow,2
835,musical,2
836,chalkboard,2
837,forward,2
838,teacher,2
839,magazines,2
840,browsing,2
841,shovel,2
842,litter,2
843,sky,2
844,bowing,2
845,performer,2
846,power,2
847,dresses,2
848,headphones,2
849,wristwatch,2
850,telephones,2
851,shade,2
852,flipping,2
853,raised,2
854,stored,2
855,pier,2
856,towel,2
857,move,2
858,alone,2
859,letting,2
860,fruits,2
861,technician,2
862,curves,2
863,eaten,2
864,spraying,2
865,grassy,2
866,tearing,2
867,partially,2
868,helmets,2
869,separate,2
870,suspended,2
871,escalator,2
872,open-air,2
873,weighed,2
874,drinks,2
875,pipe,2
876,handbag,2
877,fields,2
878,shoveling,2
879,hook,2
880,decorations,2
881,storing,2
882,wallpaper,2
883,vests,2
884,visible,2
885,sliced,2
886,clearly,2
887,desserts,2
888,sheet,2
889,pies,2
890,face,2
891,protective,2
892,napkins,2
893,tea,2
894,rope,2
895,bar,2
896,scanned,2
897,stone,2
898,mopping,2
899,formally,2
900,pathway,2
901,stones,2
902,apron,2
903,mail,2
904,sorted,2
905,packages,2
906,opposite,2
907,mailbox,2
908,slicing,2
909,examined,2
910,mower,2
911,farm,2
912,micro,2
913,studio,2
914,rolled,2
915,stairway,2
916,carts,2
917,name,2
918,labels,2
919,units,2
920,situated,2
921,alongside,2
922,high,2
923,cafe,2
924,branches,2
925,speech,2
926,spans,2
927,rise,2
928,bookcases,2
929,participating,2
930,competition,2
931,streaming,2
932,cables,2
933,slope,2
934,barn,2
935,right,2
936,hammering,2
937,birds,2
938,clearing,2
939,material,2
940,taxi,2
941,person,2
942,forklift,2
943,cases,2
944,cliff,2
945,lunch,2
946,changing,2
947,signing,2
948,whiteboard,2
949,lumber,2
950,shirts,2
951,lanes,2
952,paperwork,2
953,stepladder,2
954,waterway,2
955,neatly,2
956,crew,2
957,washed,2
958,crutches,2
959,monitoring,2
960,giving,2
961,elevator,2
962,camping,2
963,blocks,2
964,hose,2
965,masks,2
966,receiving,2
967,model,2
968,device,2
969,wrapped,2
970,locked,2
971,trimmed,2
972,cap,2
973,metal,2
974,port,2
975,image,2
976,stand,2
977,countertop,2
978,scrubbing,2
979,microscope,2
980,grabbing,2
981,tapping,2
982,pick,2
983,boy,2
984,conversation,2
985,piles,2
986,page,2
987,sharing,2
988,bookshelf,2
989,posters,2
990,shoulder,2
991,sun,2
992,rowed,2
993,shopper,2
994,as,2
995,notebooks,2
996,taller,2
997,notepads,2
998,scale,2
999,sunglasses,2
1000,knife,1
1001,canoe,1
1002,blueprint,1
1003,progress,1
1004,coast,1
1005,fabric,1
1006,comb,1
1007,session,1
1008,life,1
1009,dirty,1
1010,developing,1
1011,others,1
1012,parasol,1
1013,utensil,1
1014,than,1
1015,escalators,1
1016,candlesticks,1
1017,chandeliers,1
1018,aisle,1
1019,cushion,1
1020,legs,1
1021,waterfall,1
1022,arrived,1
1023,training,1
1024,photo,1
1025,coins,1
1026,sharpened,1
1027,posing,1
1028,clippers,1
1029,guidebook,1
1030,dance,1
1031,mopped,1
1032,gesturing,1
1033,talks,1
1034,interview,1
1035,four,1
1036,wiped,1
1037,rag,1
1038,activity,1
1039,chin,1
1040,banquet,1
1041,shallow,1
1042,tropical,1
1043,decorates,1
1044,baby,1
1045,water's,1
1046,barefoot,1
1047,shipping,1
1048,draped,1
1049,parasols,1
1050,decorated,1
1051,stove's,1
1052,shrubbery,1
1053,instructors,1
1054,miror,1
1055,three,1
1056,teaching,1
1057,assisting,1
1058,backs,1
1059,plugging,1
1060,bowl,1
1061,horses,1
1062,disassembling,1
1063,hurrying,1
1064,catch,1
1065,burner,1
1066,globe,1
1067,cyclists,1
1068,laptops,1
1069,centerpiece,1
1070,floral,1
1071,saucers,1
1072,sleeved,1
1073,outstretched,1
1074,carrier,1
1075,framing,1
1076,courtyard,1
1077,sailboat,1
1078,re,1
1079,horns,1
1080,erasing,1
1081,they',1
1082,paving,1
1083,multiple,1
1084,raking,1
1085,adding,1
1086,shoreline,1
1087,balconies,1
1088,crate,1
1089,levels,1
1090,farmers,1
1091,stool,1
1092,member,1
1093,facility,1
1094,sewn,1
1095,garments,1
1096,abandoned,1
1097,drawings,1
1098,filed,1
1099,roller,1
1100,departing,1
1101,smoothed,1
1102,caried,1
1103,stocking,1
1104,load,1
1105,surrounds,1
1106,drafting,1
1107,transporting,1
1108,handcart,1
1109,surface,1
1110,measured,1
1111,seagulls,1
1112,employees,1
1113,researchers,1
1114,suit,1
1115,guests,1
1116,scenery,1
1117,cellphone,1
1118,reeling,1
1119,hosing,1
1120,electriclight,1
1121,wool,1
1122,rod,1
1123,hotel,1
1124,guided,1
1125,cans,1
1126,nobody,1
1127,height,1
1128,shirt,1
1129,protection,1
1130,portable,1
1131,petting,1
1132,animals,1
1133,domed,1
1134,displays,1
1135,stepped,1
1136,climbed,1
1137,partway,1
1138,scientific,1
1139,technicians,1
1140,entered,1
1141,library,1
1142,agarden,1
1143,repaved,1
1144,background,1
1145,pane,1
1146,taping,1
1147,riverbank,1
1148,kinds,1
1149,partition,1
1150,securing,1
1151,lantern,1
1152,transparent,1
1153,ruler,1
1154,assortment,1
1155,handed,1
1156,scene,1
1157,desks,1
1158,school,1
1159,exam,1
1160,copier,1
1161,carousel,1
1162,everyone,1
1163,coworker,1
1164,uniforms,1
1165,receiver,1
1166,handling,1
1167,waste,1
1168,streetlights,1
1169,get,1
1170,plaza,1
1171,low,1
1172,id,1
1173,replaced,1
1174,lunches,1
1175,lugguage,1
1176,hamburgers,1
1177,without,1
1178,binders,1
1179,picnic,1
1180,ruins,1
1181,cat,1
1182,cafeteria,1
1183,rocking,1
1184,telescope,1
1185,microscopes,1
1186,positioning,1
1187,tv,1
1188,patterned,1
1189,stuck,1
1190,stem,1
1191,arrangements,1
1192,wandering,1
1193,baking,1
1194,department,1
1195,look,1
1196,ladders,1
1197,loungers,1
1198,pets,1
1199,smoke,1
1200,rising,1
1201,depart,1
1202,ready,1
1203,industrial,1
1204,springing,1
1205,kitchenware,1
1206,unavailable,1
1207,two-floor,1
1208,structure,1
1209,encircles,1
1210,pans,1
1211,donuts,1
1212,deserts,1
1213,sweets,1
1214,shipped,1
1215,clerk,1
1216,form,1
1217,dragging,1
1218,artist,1
1219,secured,1
1220,available,1
1221,alleyway,1
1222,blooming,1
1223,friend,1
1224,corn,1
1225,harbor,1
1226,hammers,1
1227,center,1
1228,gap,1
1229,completely,1
1230,pens,1
1231,ferry,1
1232,balloons,1
1233,slide,1
1234,currently,1
1235,taxiing,1
1236,goes,1
1237,task,1
1238,peeking,1
1239,rocky,1
1240,this,1
1241,collecting,1
1242,friends,1
1243,spot,1
1244,blind,1
1245,wheeling,1
1246,applied,1
1247,focusing,1
1248,exceeding,1
1249,lakeshore,1
1250,diploma,1
1251,calendar,1
1252,lost,1
1253,sleeping,1
1254,conductor,1
1255,blocking,1
1256,hiker,1
1257,entire,1
1258,weaving,1
1259,shaving,1
1260,every,1
1261,eye,1
1262,beard,1
1263,heaped,1
1264,sleeve,1
1265,graphic,1
1266,lit,1
1267,unfolding,1
1268,plan,1
1269,recycling,1
1270,pedestrian,1
1271,flag,1
1272,measurements,1
1273,doll,1
1274,speed,1
1275,limit,1
1276,welding,1
1277,renovation,1
1278,cast,1
1279,bloom,1
1280,merry-go-round,1
1281,demolished,1
1282,sprinkler,1
1283,splashing,1
1284,animal,1
1285,ships,1
1286,ditch,1
1287,relocated,1
1288,landed,1
1289,string,1
1290,repainted,1
1291,calm,1
1292,arm,1
1293,shut,1
1294,inspected,1
1295,engines,1
1296,credit,1
1297,labeled,1
1298,candle,1
1299,bargains,1
1300,toolbox,1
1301,steering,1
1302,printing,1
1303,check,1
1304,match,1
1305,merchant,1
1306,either,1
1307,amusement,1
1308,pickup,1
1309,entertaining,1
1310,own,1
1311,swimmer,1
1312,note,1
1313,addition,1
1314,design,1
1315,catching,1
1316,cabin,1
1317,soaked,1
1318,canvas,1
1319,underneath,1
1320,dusting,1
1321,mailing,1
1322,armchairs,1
1323,landscaping,1
1324,shampoo,1
1325,launched,1
1326,marker,1
1327,refreshments,1
1328,connected,1
1329,photocopier,1
1330,unlocking,1
1331,purchases,1
1332,vacant,1
1333,awning,1
1334,passenger,1
1335,emerging,1
1336,lamps,1
1337,decorative,1
1338,switch,1
1339,windown,1
1340,mask,1
1341,sewing,1
1342,bagging,1
1343,mug,1
1344,necktie,1
1345,tablecloth,1
1346,be,1
1347,purses,1
1348,racks,1
1349,awards,1
1350,ceremony,1
1351,before,1
1352,distributed,1
1353,trophies,1
1354,electric,1
1355,mnountain,1
1356,presenters,1
1357,lowering,1
1358,sending,1
1359,write,1
1360,knot,1
1361,logs,1
1362,trunks,1
1363,sandwich,1
1364,plugged,1
1365,tiles,1
1366,skirt,1
1367,exercising,1
1368,timber,1
1369,trailer,1
1370,shoveled,1
1371,dirt,1
1372,wooded,1
1373,child,1
1374,earth,1
1375,contruction,1
1376,eyes,1
1377,counting,1
1378,counters,1
1379,spoon,1
1380,dicrections,1
1381,freezer,1
1382,remodeling,1
1383,operated,1
1384,produce,1
1385,cooks,1
1386,security,1
1387,text,1
1388,message,1
1389,pillar,1
1390,rearview,1
1391,exercises,1
1392,formal,1
1393,rail,1
1394,athletic,1
1395,envelops,1
1396,rake,1
1397,workout,1
1398,handbags,1
1399,letters,1
1400,mall,1
1401,salesperson,1
1402,dentist's,1
1403,game,1
1404,streets,1
1405,bicyclists,1
1406,fishermen,1
1407,bite,1
1408,handrails,1
1409,tothe,1
1410,nets,1
1411,pencils,1
1412,game's,1
1413,weeds,1
1414,motorbikes,1
1415,its,1
1416,plumbing,1
1417,wowing,1
1418,in-pots,1
1419,table's,1
1420,pressed,1
1421,pins,1
1422,potished,1
1423,lecture,1
1424,dish,1
1425,not,1
1426,patio,1
1427,today,1
1428,buses,1
1429,city,1
1430,sorting,1
1431,straightening,1
1432,him,1
1433,border,1
1434,foot,1
1435,peopleÂ,1
1436,stapling,1
1437,tape,1
1438,forms,1
1439,because,1
1440,weather,1
1441,cold,1
1442,salad,1
1443,shopkeeper,1
1444,arein,1
1445,stop,1
1446,napkin,1
1447,supermarket,1
1448,tidying,1
1449,walks,1
1450,pull-down,1
1451,fixtures,1
1452,reports,1
1453,connecting,1
1454,go,1
1455,about,1
1456,seeds,1
1457,cuttinq,1
1458,a-row,1
1459,video,1
1460,rooftop,1
1461,employee,1
1462,trays,1
1463,upside,1
1464,footwear,1
1465,cable,1
1466,pencil,1
1467,tank,1
1468,carpeted,1
1469,cover,1
1470,cones,1
1471,sheltering,1
1472,tugboat,1
1473,upstairs,1
1474,bedding,1
1475,mattress,1
1476,stepladders,1
1477,roped,1
1478,beveraqes,1
1479,coiled,1
1480,manual,1
1481,directed,1
1482,aÂ,1
1483,onewoman,1
1484,jar,1
1485,tienganh,1
1486,branch,1
1487,tree-lined,1
1488,coming,1
1489,eyeglasses,1
1490,wallpapaer,1
1491,paiting,1
1492,bulb,1
1493,travelers,1
1494,patting,1
1495,girls,1
1496,burying,1
1497,auditorium,1
1498,streetlamps,1
1499,posting,1
1500,wallet,1
1501,fresh,1
1502,dinner,1
1503,touring,1
1504,flows,1
1505,recording,1
1506,practicing,1
1507,grocery,1
1508,chasing,1
1509,packaging,1
1510,beam,1
1511,cardboard,1
1512,briefcases,1
1513,surfing,1
1514,vertical,1
1515,guitars,1
1516,tuned,1
1517,concert,1
1518,fastening,1
1519,pulse,1
1520,selecting,1
1521,sacks,1
1522,laundry,1
1523,read,1
1524,players,1
1525,orders,1
1526,doctor,1
1527,dentist,1
1528,nails,1
1529,tall,1
1530,offices,1
1531,jumping,1
1532,racket,1
1533,kicking,1
1534,ball,1
1535,t-shirt,1
1536,winds,1
1537,bouquets,1
1538,public,1
1539,monument,1
1540,printed,1
1541,diving,1
1542,goggles,1
1543,neck,1
1544,written,1
1545,rearranging,1
1546,identical,1
1547,soil,1
1548,sweaters,1
1549,hangers,1
1550,individual,1
1551,plowed,1
1552,tossed,1
1553,evening,1
1554,vacation,1
1555,stadium,1
1556,key,1
1557,skyscrapers,1
1558,towels,1
1559,passes,1
1560,canal,1
1561,sunbathing,1
1562,riders,1
1563,overhead,1
1564,delivery,1
1565,course,1
1566,bicyclist,1
1567,clipboard,1
1568,highway,1
1569,fuel,1
1570,advertisements,1
1571,divided,1
1572,speakers,1
1573,high-rise,1
1574,fixture,1
1575,skull,1
1576,piloting,1
1577,gifts,1
1578,hangs,1
1579,carpeting,1
1580,corridor,1
1581,sleeves,1
1582,electrical,1
1583,button,1
1584,necklace,1
1585,comparing,1
1586,discussion,1
1587,conference,1
1588,shown,1
1589,guitar,1
1590,pockets,1
1591,prices,1
1592,gavel,1
1593,campers,1
1594,overlooking,1
1595,belt,1
1596,wheelbarrow,1
1597,haircut,1
1598,maps,1
1599,makeup,1
1600,salon,1
1601,padding,1
1602,tower,1
1603,images,1
1604,oars,1
1605,applying,1
1606,mover,1
1607,it,1
1608,decorating,1
1609,other's,1
1610,waitress,1
1611,bringing,1
1612,exercise,1
1613,sled,1
1614,zipping,1
1615,paging,1
1616,marked,1
1617,medical,1
1618,caught,1
1619,storm,1
1620,classmate,1
1621,charts,1
1622,slideshow,1
1623,tableware,1
1624,wheelchair,1
1625,hospital,1
1626,seating,1
1627,covering,1
1628,framed,1
1629,traveling,1
1630,signal,1
1631,visitors,1
1632,attaching,1
1633,notepad,1
1634,shelter,1
1635,bicycling,1
1636,jotting,1
1637,raincoats,1
1638,vechile,1
1639,begun,1
1640,photographs,1
1641,lowered,1
1642,viewing,1
1643,trolley,1
1644,presenting,1
1645,cruise,1
1646,altitude,1
1647,wire,1
1648,museum,1
1649,discussing,1
1650,piling,1
1651,class,1
1652,spray,1
1653,girl,1
1654,trekking,1
1655,signaling,1
1656,arriving,1
1657,appliances,1
1658,collection,1
